keyword,frequency
旅行,202
中,66
过,45
拍,44
吃,42
一个,38
怎样,34
体验,33
喜欢,32
觉得,32
地方,31
旅途,29
呢,28
孩子,24
照片,24
带,22
你们,22
自驾,21
多,21
有没有,20
特别,20
拍照,19
出去,19
看,18
自己,18
摄影,18
为了,18
选择,18
适合,17
旅游,17
遇到,17
自驾游,16
说,16
跟,16
哪里,16
去过,15
一种,15
时,15
更,15
出去玩,14
哪,14
经历,14
城市,14
中国,14
朋友,14
不会,14
是不是,13
真的,13
时候,12
玩,12
美食,12
国外,12
而,12
或,12
愿意,12
风景,11
目的地,11
国内,11
被,11
一起,10
当地,10
重要,10
住,10
哪些地方,9
亲子,9
怎么样,9
什么样,9
东西,9
景点,9
酒店,9
食物,9
怎么办,9
手机,8
出门,8
一次,8
穿,8
把,8
或者,8
比如,8
女生,8
看待,8
小吃,8
出,8
滑雪,8
现在,8
哪个,8
路上,8
有人,7
作为,7
生活,7
家乡,7
钱,7
没,7
每次,7
有趣,7
假期,7
到底,7
该,7
应该,7
潜水,7
技巧,7
拍出,7
第一次,7
出国,7
大片,7
大家,7
得,7
情况,7
相机,6
满意,6
才,6
朋友圈,6
归来,6
「,6
」,6
。,6
当地人,6
行为,6
好玩,6
打卡,6
分享,6
那么,6
民宿,6
爱,6
像,6
游,6
买,6
深刻,6
他,6
印象,6
带娃,5
非常,5
地,5
最近,5
搭,5
女孩,5
最美,5
容易,5
计划,5
菜,5
为,5
好看,5
小,5
装备,5
不能,5
但,5
景区,5
中有,5
需要,5
十一,5
才能,5
比,5
晒晒,5
视频,5
越,5
好吃,5
男朋友,5
陌生人,4
里,4
提前,4
攻略,4
心仪,4
乐趣,4
哪儿,4
陌生,4
看过,4
求,4
爸妈,4
多少,4
经常,4
出游,4
变成,4
别人,4
习惯,4
原因,4
尝试,4
安排,4
工作,4
多久,4
途中,4
准备,4
电影,4
专门,4
故事,4
既,4
处理,4
一般,4
网红地,4
冬天,4
出行,4
我该,4
自由,4
必要,4
合适,4
过年,4
男生,4
睡,4
搭讪,4
认为,4
梦想,4
她,4
北方,4
车,4
继续,4
活动,4
高铁,4
没有,4
难吃,4
出来,4
建筑,4
还有,4
热爱,4
年,3
当,3
经验,3
成功,3
成长,3
派,3
自然,3
发,3
走,3
几个,3
难忘,3
瞬间,3
照,3
想法,3
最大,3
点,3
不是,3
器材,3
美的,3
调整,3
一年,3
花,3
外国人,3
独自,3
国家,3
话,3
行李,3
事儿,3
春节,3
决定,3
一道,3
颜值,3
影响,3
来说,3
有关,3
五星级,3
找到,3
所在,3
方便,3
只是,3
闺蜜,3
周末,3
睡觉,3
宁愿,3
不够,3
挑食,3
街头,3
一张,3
于,3
跑,3
健身,3
美食街,3
游客,3
老,3
必备,3
抠门,3
一下,3
太,3
失望,3
身边,3
携带,3
遗憾,3
有意思,3
还会,3
拍摄,3
感受,3
吐,3
海岛,3
想要,3
跳伞,3
安全,3
世界各地,3
不想,3
疯狂,3
玩法,3
女朋友,3
蹭,3
粉丝汤,3
一直,2
意义,2
状态,2
遇见,2
聊天,2
将,2
当做,2
壁纸,2
真正,2
好多,2
各种,2
青年,2
环游世界,2
幸福,2
必须,2
早餐,2
早早,2
起床,2
不吃,2
向往,2
技能,2
好友,2
游时,2
纪录片,2
马蜂窝,2
冒险,2
马上,2
建议,2
大学,2
苦,2
种草,2
心动,2
适应,2
存钱,2
世界,2
压力,2
不要,2
之类,2
改变,2
细节,2
修养,2
见,2
…,2
挑战,2
回来,2
俗气,2
几次,2
算,2
排,2
结束,2
程度,2
发型,2
单反,2
花钱,2
第二次,2
以,2
服务,2
美味,2
少,2
交通,2
存在,2
上瘾,2
二刷,2
尽量,2
新,2
时间,2
简单,2
修图,2
提升,2
对于,2
当时,2
心情,2
胶片,2
相片,2
团游,2
做过,2
一件,2
着,2
倾向,2
兴趣爱好,2
关于,2
新手,2
欣赏,2
打动,2
反驳,2
收到,2
高大,2
难,2
游玩,2
灵魂,2
辞职,2
想到,2
一样,2
方式,2
普遍,2
融入,2
方法,2
一趟,2
差,2
热情,2
房东,2
炫,2
一刻,2
为证,2
避免,2
海边,2
忍不住,2
宠物,2
超市,2
菜市场,2
无,2
台风,2
恐怖,2
没见,2
南方人,2
震撼,2
完,2
礼貌,2
开,2
一边,2
做到,2
住宿,2
奇葩,2
危险,2
排长队,2
过程,2
看到,2
有点,2
你家,2
开心,2
餐厅,2
曾,2
坚持,2
嘛,2
问答,2
哒,2
记忆,2
考虑,2
每个,2
健康,2
槽,2
义工,2
有过,2
熬夜,2
曾经,2
沟通,2
约,2
上路,2
调和,2
西虹市,2
里面,2
取景,2
打车,2
出门在外,2
呀,2
优先,2
游轮,2
线路,2
首选,2
地名,2
起来,2
吃快餐,2
特,2
一些,2
那,2
请问,2
运动,2
等,2
在外,2
夏天,2
是否,2
事件,2
速溶,2
咖啡,2
事,2
叫,2
蹦迪,2
理由,2
这句,2
胜地,2
预算,2
边,2
坑,2
跟随者,2
饮食,2
除了,2
火爆,2
风光,2
购物,2
外卖,2
讨厌,2
夜宵,2
受得了,2
学,2
娃,2
寒冷,2
只有,2
拍人,2
事情,2
记得,2
可,2
那种,2
很酷,2
情侣,2
感动,2
花费,2
租车,2
更好,2
行,2
收获,2
后期,2
常用,2
看起来,2
摄影师,2
开始,2
代购,2
新鲜,2
私房,2
满足,2
开车,2
大部分,2
长途,2
同伴,2
算是,2
美景,2
下有,2
念头,2
理解,2
麻烦,2
被盗,2
焦点,2
水下,2
失去,1
本身,1
目前,1
功能,1
越来越,1
强大,1
淘汰,1
自拍照,1
妈妈,1
保持身材,1
少女,1
打开,1
话匣子,1
显得,1
尴尬,1
传传,1
人少,1
景美,1
意识,1
爸爸,1
奶爸,1
达人,1
行业,1
身份,1
斜杠,1
尝尝,1
无所谓,1
醒派,1
不发,1
等于,1
白,1
吸引,1
最加分,1
回顾,1
随意,1
哪算,1
日常,1
时有,1
区别,1
压箱底,1
真爱,1
服饰,1
炫耀,1
和尬,1
聊,1
谈资,1
因此,1
高人一等,1
优越感,1
家庭,1
伴侣,1
分工,1
产生,1
清凉,1
性感,1
简简单单,1
卡片机,1
记录,1
最酷,1
下馆子,1
家常菜,1
守旧派,1
尝,1
特色菜,1
吃货,1
当作,1
暂时,1
逃离,1
人间,1
充电,1
手段,1
克服,1
落差,1
开学,1
新生,1
珍惜,1
时光,1
多多,1
行李箱,1
件物品,1
鸡肋,1
不该,1
登过,1
绝,1
山,1
为此,1
秋天,1
后来,1
别,1
乱花钱,1
大概,1
纯粹,1
好奇,1
释放,1
说法,1
万元,1
买好,1
契机,1
下爱上,1
日常生活,1
是从,1
呆,1
烦,1
呆烦,1
屏蔽,1
公司,1
老板,1
同事,1
如退,1
房前,1
先查,1
一遍,1
使,1
变化,1
反应,1
暴露,1
崩溃,1
实在,1
受不了,1
磨蹭,1
误,1
恐惧,1
项目,1
很累,1
著名景点,1
合照,1
短,1
长线,1
辞掉,1
稳定,1
某样,1
排队,1
国庆,1
坐飞机,1
正确,1
座位,1
飞行,1
泡温泉,1
不错,1
温泉,1
亮出,1
这座,1
名片,1
丑照,1
丑到,1
私房照,1
打理,1
加分,1
约伴,1
挑选,1
同行人,1
哪点,1
从不,1
复古风,1
优雅,1
得体,1
示范,1
比基尼,1
买票,1
居住地,1
高标准,1
卖点,1
频频,1
爆出,1
卫生,1
丑闻,1
中想,1
快速,1
爱去,1
餐馆,1
办法,1
自拍,1
元能,1
多花钱,1
可笑,1
聊聊,1
新潮,1
闺蜜游,1
另一半,1
口味,1
美观,1
三刷,1
探索,1
打发,1
逛街,1
探店,1
照逼格花,1
千百,1
元吃顿,1
米其林,1
值不值,1
借钱,1
犯,1
职业病,1
入手,1
第一件,1
奢侈品,1
不用,1
数码相机,1
浪费,1
浪费时间,1
花海,1
徜徉,1
赏花,1
圣地,1
技术,1
凑,1
很贵,1
年轻人,1
一座,1
孤独,1
事是,1
吃火锅,1
三种,1
食材,1
闭,1
眼睛,1
肯定,1
会选,1
必,1
究竟,1
回事,1
心目,1
所,1
取代,1
指导,1
一点点,1
有瘾,1
地道,1
火锅,1
职业,1
私藏,1
懂,1
审美,1
还要,1
参观,1
博物馆,1
异国,1
马拉松,1
莫名,1
好感,1
窝里,1
达,1
人们,1
得心应手,1
冷嘲热讽,1
亲戚,1
找,1
拒绝,1
低价,1
日益严重,1
社会,1
小孩,1
报团,1
光线,1
求解,1
利用光,1
艰苦,1
感兴趣,1
几岁,1
所谓,1
著名,1
骗,1
怀旧,1
第次,1
听到,1
川菜,1
第一个,1
古建筑,1
修复,1
文物,1
亵渎,1
旧物,1
换新颜,1
累,1
最累,1
旅程,1
知识,1
祖国,1
大个,1
省,1
加上,1
港澳台,1
哪几个,1
完成,1
中选,1
交到,1
过好,1
俩,1
认识,1
本来,1
节俭,1
忽略,1
免费,1
级,1
讲究,1
依旧,1
保持,1
传统,1
猎奇,1
保险,1
中餐,1
可否,1
心得,1
吃喝,1
多去,1
冰天雪地,1
出酷,1
无助,1
日落,1
上图,1
入坑,1
整年,1
经济,1
来源,1
一口,1
哇,1
帅气,1
权衡,1
美,1
出新,1
高度,1
感叹,1
忙,1
奢华,1
环游,1
及,1
一到,1
旺季,1
涨价,1
严重,1
稻城,1
亚丁,1
女友,1
郊区,1
周边城市,1
总,1
出远门,1
铺天盖地,1
山竹,1
可怕,1
啊,1
随缘,1
出入境,1
禁止,1
物品,1
大海,1
大雪,1
总在,1
追求,1
复制,1
盛产,1
算会,1
戏精,1
自然风景,1
有名,1
回事儿,1
稀松,1
平常,1
却是,1
性价比,1
最高,1
一辆,1
万块,1
以下,1
后常去,1
实际,1
上班,1
超出,1
预期,1
人过,1
万圣节,1
到处,1
骷髅,1
节日,1
不让,1
搞,1
旅舍,1
明知,1
无人区,1
徒步,1
爬,1
悬崖峭壁,1
不敢,1
最穷,1
穷,1
堵,1
以后,1
统一,1
文明,1
现象,1
人爱,1
日料,1
分量,1
很少,1
生冷,1
吃得饱,1
装,1
逼出去,1
详尽,1
具体,1
行程,1
一路,1
忍耐,1
从此,1
陌路,1
超级,1
诱惑,1
宝儿,1
一眼,1
仗,1
剑,1
天涯,1
人能,1
长期,1
谈恋爱,1
学到,1
事用,1
定格,1
猜猜,1
得意,1
事物,1
深入,1
异域,1
风情,1
国度,1
成就,1
上能,1
极光,1
最少,1
打扮,1
美美,1
旧,1
唤起,1
儿时,1
更有意义,1
拍到,1
可爱,1
动物,1
看看,1
导演,1
背景,1
拍电影,1
最长,1
反而,1
标榜,1
卡,1
饮料,1
长胖,1
瘦,1
辣,1
最想,1
块,1
二线,1
大城市,1
一顿,1
饭,1
念书,1
控,1
最贵,1
饮食习惯,1
饭菜,1
宵夜,1
家人,1
带伴,1
手礼,1
并且,1
古代,1
便利,1
留下,1
冲动,1
极限,1
伙伴,1
之间,1
水中,1
人明,1
伴,1
结果,1
放弃,1
这次,1
飞机,1
餐是,1
宅,1
明星,1
补课,1
进步,1
帮助,1
减少,1
《,1
首富,1
》,1
原型,1
滴滴,1
老出,1
保护,1
网上,1
流行,1
风,1
忍心,1
吃苦,1
舒适性,1
全球,1
最烂,1
护照,1
哪本,1
地标,1
性,1
安利,1
兴趣,1
一条,1
完全,1
英语,1
走遍,1
阻碍,1
允许,1
我会,1
坐,1
交通工具,1
古装剧,1
关注,1
菜品,1
不同寻常,1
我们,1
追逐,1
关注度,1
亲临,1
发源地,1
不到,1
做手,1
账,1
手账,1
类似,1
沙县,1
成都,1
明显,1
地域,1
风格,1
平民,1
好味,1
连锁店,1
棒棒,1
副驾驶,1
网红,1
店,1
三个,1
词,1
形容,1
说出,1
猜,1
天天,1
会想,1
录下来,1
雪景,1
坐火车,1
旁边,1
节约,1
经费,1
怀念,1
刚才,1
震惊,1
发现,1
煎饼果子,1
竟然,1
翻译成,1
驴,1
火,1
咋办,1
每天,1
云,1
感染,1
某项,1
特意,1
一场,1
圈里,1
点赞,1
相关,1
哪条,1
沙发,1
客是,1
可行,1
次数,1
最多,1
或人名,1
招募,1
超赞,1
答主,1
讲述,1
衣服,1
味道,1
尺度,1
很大,1
人山人海,1
出非,1
到此一游,1
失控,1
坠江,1
注意事项,1
顺德,1
天求,1
必吃,1
甜品,1
甜品店,1
超爱,1
甜食,1
古镇,1
漂亮,1
动画片,1
动漫,1
过慢,1
慢,1
姿势,1
日本,1
垃圾堆,1
这一,1
讲真,1
喝,1
雀巢,1
代表,1
品味,1
付出,1
回报,1
成正比,1
景物,1
某,1
老手,1
座霸,1
男引,1
公愤,1
旅游景点,1
却没能,1
天气,1
享乐,1
为主,1
吃点,1
一首,1
唱,1
歌,1
中爱上,1
本人,1
男,1
旅居,1
歧视,1
西北,1
环线,1
几天,1
结交,1
联系,1
回家,1
中曾,1
场景,1
请假,1
当代,1
人越,1
富有,1
喝茶,1
贫穷,1
喝酒,1
很差,1
大龄,1
娶,1
不得,1
可能,1
愉快,1
错峰,1
刷,1
滑雪场,1
元,1
一餐,1
精准,1
错过,1
某个,1
后悔,1
眼中,1
法师,1
所有,1
选出,1
一家,1
饭馆,1
存好,1
赚,1
他们,1
痴迷,1
一顿饭,1
翻白眼,1
中自,1
婚纱照,1
之后,1
麦当劳,1
肯德基,1
早起,1
么,1
掌控,1
主导者,1
随遇而安,1
说明,1
心里,1
味,1
奇怪,1
解决,1
问题,1
做饭吃,1
听说,1
做饭,1
增加,1
平时,1
大师,1
几年,1
前去,1
热门,1
可惜,1
西餐厅,1
独行,1
一去,1
日出,1
起,1
早,1
星空,1
晚,1
养老,1
鬼节,1
户外运动,1
白色,1
鸦片,1
蓝毒,1
酷炫,1
独一无二,1
摩天轮,1
人文,1
参加,1
线下,1
只想,1
何时,1
老爸,1
迷,1
极限运动,1
危险性,1
滑翔伞,1
蹦极,1
过山车,1
诡异,1
拍好,1
无法,1
自控,1
单独,1
出境,1
团好,1
行好,1
千里迢迢,1
赴,1
享受,1
广东,1
固守,1
少有,1
胖子,1
发胖,1
秘诀,1
吵架,1
谁,1
月,1
温暖,1
频繁,1
社交圈,1
全程,1
发图,1
听,1
音乐,1
全世界,1
爱喝,1
热水,1
打伞,1
户外,1
用品,1
清单,1
一切,1
女模特,1
克制,1
怀孕,1
生娃,1
没法,1
惊险,1
情形,1
指路,1
俱乐部,1
寄出,1
明信片,1
用航,1
拍拍,1
地面,1
目的性,1
休闲,1
图来证,1
中带,1
手办,1
周边,1
纪念品,1
老人,1
过于,1
溺爱,1
该不该,1
手动挡,1
自动挡,1
人景,1
合一,1
只用,1
盐,1
调味,1
便,1
相当,1
马来西亚,1
十分,1
不得不,1
爱车,1
合影,1
实用,1
吸睛,1
蜂首,1
认真,1
一篇,1
游记,1
饭量,1
巨大,1
人比,1
古装,1
宫斗剧,1
啥,1
剧是,1
故宫,1
主食,1
两口,1
饱,1
南方,1
种类,1
占,1
肚子,1
感在,1
自,1
棒,1
各位,1
雪友,1
约会,1
之前,1
必买,1
零食,1
解馋,1
人生,1
感悟,1
听听,1
跨年,1
大神,1
软件,1
不同,1
然后,1
放假,1
吃饭,1
脏,1
摊儿,1
脏摊,1
干净,1
多人,1
吃住行,1
关心,1
哪样,1
焦段,1
镜头,1
玩儿,1
拍照片,1
一部,1
专业,1
大多数,1
刚,1
新闻,1
年月日,1
洗牌,1
圈,1
简直,1
噩耗,1
亲自,1
飞,1
创意,1
遭遇,1
出手,1
相救,1
即使,1
舟车劳顿,1
看一看,1
魅力,1
证明,1
花大,1
价钱,1
一套,1
导游,1
经过,1
过后,1
排雷,1
本地,1
结婚,1
两个,1
举办,1
婚礼,1
长假,1
进入,1
行走,1
修行,1
态度,1
,1
前,1
收拾,1
烧烤,1
撸,1
串,1
带给,1
快乐,1
味觉,1
相聚,1
友情,1
吐槽,1
素质,1
新疆,1
少数民族,1
众多,1
极具,1
民族特色,1
点心,1
糕点,1
洗出来,1
哈哈,1
,1
同样,1
好孩子,1
出过,1
一度,1
矫情,1
临时,1
有事,1
取消,1
接地,1
气,1
守规矩,1
同胞们,1
穿过,1
亲子装,1
突发状况,1
有限,1
方面,1
省钱,1
之道,1
丰富,1
是因为,1
防困,1
加塞,1
用到,1
总吃,1
下厨房,1
独家,1
菜谱,1
最深,1
驴友,1
添加,1
滤镜,1
一瞬间,1
看见,1
答应,1
第一台,1
型号,1
散落,1
彩色,1
之城,1
打,1
自我,1
火车,1
卧铺,1
打呼,1
其实,1
并,1
不难,1
要是,1
块钱,1
用来,1
出能,1
穷游,1
普通,1
小事,1
酷炫有,1
过图,1
图,1
与众不同,1
鸭血,1
猪血,1
牛血,1
最棒,1
看好,1
几百个,1
晒,1
一晒,1
笑容,1
街道,1
中是,1
醒,1
收集,1
特色,1
拍雪,1
高速,1
担心,1
幸福感,1
小时,1
值,1
玩去,1
坚持下去,1
外地,1
饭时,1
看着,1
很脏,1
街边,1
小摊,1
拍过,1
帮别人,1
很棒,1
主题乐园,1
国内外,1
都行,1
见过,1
心中,1
有图,1
挤,1
规划,1
路线,1
注重,1
驾驶,1
沿途,1
因素,1
差劲,1
跪求,1
高逼格,1
消暑,1
最好,1
全家,1
房车,1
习惯性,1
家里人,1
保持联系,1
居然,1
妈宝,1
难道说,1
这是,1
独立,1
表,1
时会,1
去逛,1
中要,1
照顾,1
小朋友,1
自驾车,1
型,1
优势,1
冷,1
室外,1
组队,1
囤货,1
咋,1
劝,1
冤枉钱,1
有效,1
最值,1
哈利波,1
迷你,1
骄傲,1
