Name,Url,location,gender,city,overseas_country,counts_cities,count_countries
æ¸¸è®°æ€»ç¼–è¾‘(åŒ—äº¬),http://www.mafengwo.cn/u/166011.html
å°èš‚(åŒ—äº¬),http://www.mafengwo.cn/u/461006.html
è«µè­(),http://www.mafengwo.cn/u/12214.html
å¿ƒæƒ…å¦‚æµ·(éƒ‘å·),http://www.mafengwo.cn/u/404924.html
å°ç±³(æ±Ÿè¥¿),http://www.mafengwo.cn/u/291771.html
crystal(ä¸Šæµ·),http://www.mafengwo.cn/u/357858.html
æœå°è´(ç‘å£«),http://www.mafengwo.cn/u/181580.html
david(åŒ—äº¬),http://www.mafengwo.cn/u/120421.html
vivi(é‡åº†),http://www.mafengwo.cn/u/251530.html
soloist(ä¸Šæµ·),http://www.mafengwo.cn/u/275710.html
crystal(æ¸©å“¥å),http://www.mafengwo.cn/u/183325.html
çš®ä¼¢å­–(åŒ—äº¬),http://www.mafengwo.cn/u/284758.html
Cindy(),http://www.mafengwo.cn/u/223583.html
æ©™å¤©ç©(ä¸Šæµ·),http://www.mafengwo.cn/u/369622.html
æœ‰çƒŸå—(),http://www.mafengwo.cn/u/205909.html
é¦é¦(),http://www.mafengwo.cn/u/10172.html
å°ä¹”(å¤§è¿),http://www.mafengwo.cn/u/197150.html
"tulipa(London ON, Canada)",http://www.mafengwo.cn/u/405063.html
holyshift(åŒ—äº¬),http://www.mafengwo.cn/u/184746.html
ce(ä¸Šæµ·),http://www.mafengwo.cn/u/116249.html
ä¹Œå’”å’”(å¤ªåŸ),http://www.mafengwo.cn/u/3940000.html
èƒ–å¢©é±¼(åŒ—äº¬),http://www.mafengwo.cn/u/117611.html
sisleyhu(ä¸Šæµ·),http://www.mafengwo.cn/u/189539.html
rivercaty(åŒ—äº¬),http://www.mafengwo.cn/u/283707.html
éšå¿ƒè€ŒåŠ¨(),http://www.mafengwo.cn/u/194819.html
æ–¹ç³–(ä¸Šæµ·),http://www.mafengwo.cn/u/468329.html
cheese(æµ·æ·€åŒº),http://www.mafengwo.cn/u/1206437.html
menu314(Dalian),http://www.mafengwo.cn/u/225087.html
é›ªå±±ä¼Šè²(åŒ—äº¬),http://www.mafengwo.cn/u/382359.html
Sã€‚(æˆéƒ½å¸‚),http://www.mafengwo.cn/u/4087536.html
çº¢çº¢å…”å­(åŒ—äº¬),http://www.mafengwo.cn/u/6739730.html
å—¨å“¥(é•¿æ²™),http://www.mafengwo.cn/u/460069.html
leewuuyi(å¹¿ä¸œ),http://www.mafengwo.cn/u/124497.html
è‹¹andçŒ«(æˆéƒ½),http://www.mafengwo.cn/u/145603.html
å¨ƒå¨ƒ(å¸ƒæ‹‰æ ¼),http://www.mafengwo.cn/u/295469.html
è€å¦–(åŒ—äº¬),http://www.mafengwo.cn/u/197109.html
ç¬‘æ¼ªå¦¹å¦¹(London),http://www.mafengwo.cn/u/606931.html
è¡Œè¡Œæ‘„æ‘„(å—äº¬),http://www.mafengwo.cn/u/591060.html
ç‚’é¸¡è›‹(å®£æ­¦åŒº),http://www.mafengwo.cn/u/5133339.html
è¡Œèµ°çš„æ´»ç«å±±(æˆéƒ½å¸‚),http://www.mafengwo.cn/u/1178865.html
ç‚¸å¦æ–°ç”Ÿæ´»(è´µé˜³),http://www.mafengwo.cn/u/5017251.html
å…­å­(ä¸´æ²‚),http://www.mafengwo.cn/u/496748.html
é©¬èœ‚çªç”¨æˆ·(),http://www.mafengwo.cn/u/127188.html
shi(å¤©æ´¥),http://www.mafengwo.cn/u/536548.html
æ´—æ´—æ›´è´±åº·(æ·±åœ³),http://www.mafengwo.cn/u/5012971.html
åœ°ä¸­æµ·çš„å©šç¤¼(),http://www.mafengwo.cn/u/378185.html
ä¸ä¸ä¾£ç¨‹(æµ™æ±Ÿä¸½æ°´),http://www.mafengwo.cn/u/10136381.html
å€¦é£çš„å¤©ä½¿(åŒ—äº¬),http://www.mafengwo.cn/u/11065.html
æ”¾é€å¿ƒæƒ…(å¹¿å·),http://www.mafengwo.cn/u/258358.html
"myhardcandy(goldcoast, australia)",http://www.mafengwo.cn/u/640547.html
ä¸‰æœˆå¥³ç‹Amanda(å¤§è¿),http://www.mafengwo.cn/u/531439.html
å››å¤§çš†ç©º(),http://www.mafengwo.cn/u/668373.html
èŒ‰èŒ‰(åŒ—äº¬),http://www.mafengwo.cn/u/257586.html
æ‚ æ¸¸éº¦å…œ(åŒ—äº¬),http://www.mafengwo.cn/u/307911.html
é’é»›(âŠ™_âŠ™)(å¹¿å·),http://www.mafengwo.cn/u/692288.html
æ˜¯å·å­å•Š(ä¸Šæµ·),http://www.mafengwo.cn/u/5028514.html
çƒŸé›¨å¦‚æ­Œ(è¥¿å®‰),http://www.mafengwo.cn/u/225266.html
è‹¥å°˜(å››å·æˆéƒ½),http://www.mafengwo.cn/u/478162.html
ladybaby(ç€æ–¯),http://www.mafengwo.cn/u/684861.html
UFO(UFO),http://www.mafengwo.cn/u/12522.html
è¡Œå›Šé¼“é¼“(å¹¿ä¸œ),http://www.mafengwo.cn/u/360348.html
yezi(),http://www.mafengwo.cn/u/12372.html
Gily(ä¸Šæµ·),http://www.mafengwo.cn/u/583996.html
QYå¼ å°å¸…(æ¯”åˆ©æ—¶),http://www.mafengwo.cn/u/309882.html
ç¬é—´çƒŸç«(åŒ—äº¬),http://www.mafengwo.cn/u/723612.html
å•ƒç€çŒªè¹„å–å’–å•¡(åŒ—äº¬),http://www.mafengwo.cn/u/506676.html
è¾¹ç¼˜å„¿(æˆéƒ½),http://www.mafengwo.cn/u/17092346.html
å°æ”¸(),http://www.mafengwo.cn/u/19285108.html
ddyao(æ­å·),http://www.mafengwo.cn/u/17088809.html
äº”è½®(åŒ—äº¬),http://www.mafengwo.cn/u/130776.html
xixi(),http://www.mafengwo.cn/u/174966.html
åœ°çƒäººEcho(è—è‰²æ˜Ÿçƒ),http://www.mafengwo.cn/u/358538.html
æˆ´é˜¿è¿ª(æ·±åœ³),http://www.mafengwo.cn/u/732464.html
å‚»å°å…”(å¹¿å· æ¹–å— é‡åº†),http://www.mafengwo.cn/u/19009599.html
CHAO_er(ä¸Šæµ·),http://www.mafengwo.cn/u/5051603.html
èƒ–è›‡(åŒ—äº¬),http://www.mafengwo.cn/u/225219.html
Miaå¨ƒå“ˆå“ˆ(é¦™æ¸¯),http://www.mafengwo.cn/u/11692.html
å·¦æ ‘(),http://www.mafengwo.cn/u/17325483.html
è¯ºå¥ˆè‘µ(åŒ—äº¬),http://www.mafengwo.cn/u/7798971.html
è€å¼ (åŒ—äº¬),http://www.mafengwo.cn/u/10102.html
miucciaz(åŒ—äº¬),http://www.mafengwo.cn/u/17296528.html
å°ç™½å…”å‘¸(å¹¿å·),http://www.mafengwo.cn/u/5275648.html
lonelyplanet007(ä¸Šæµ·),http://www.mafengwo.cn/u/437083.html
å¦™å¦‚marina(é™•è¥¿è¥¿å®‰),http://www.mafengwo.cn/u/759932.html
æ•¢æƒ³æ•¢ä¸º(åŒ—äº¬),http://www.mafengwo.cn/u/17352955.html
crystal878(æµ™æ±Ÿæ¸©å·),http://www.mafengwo.cn/u/849120.html
åŸè€æœª(åŒ—äº¬),http://www.mafengwo.cn/u/5083752.html
ä¹±å¼¹(åŒ—äº¬),http://www.mafengwo.cn/u/150432.html
å¤§å’”åš“(å®£æ­¦åŒº),http://www.mafengwo.cn/u/5288562.html
gå¤§è°ƒçš„èœ—ç‰›(è¥¿å®‰),http://www.mafengwo.cn/u/17273514.html
æºå„¿å“¥(æˆéƒ½),http://www.mafengwo.cn/u/739936.html
å¸¦ç€å¹¸ç¦æµæµª(åŒ—äº¬),http://www.mafengwo.cn/u/10114798.html
éŸ¦è‹¡çŠ(åŒ—äº¬),http://www.mafengwo.cn/u/958078.html
XXå°±æ˜¯å¤å¤(ä¸Šæµ·),http://www.mafengwo.cn/u/266961.html
éŸ©å¤§é»‘(åŒ—äº¬),http://www.mafengwo.cn/u/782840.html
doçš„åä¸½å†’é™©(ä¸Šæµ·),http://www.mafengwo.cn/u/17356266.html
ç”²æ¿ä¸Šçš„æµ·é˜”å¤©ç©º(å—æ˜Œ),http://www.mafengwo.cn/u/10562399.html
å°è¥¿(æˆéƒ½),http://www.mafengwo.cn/u/757173.html
å°æ¼¾å„¿(é•¿æ²™),http://www.mafengwo.cn/u/17306260.html
jecica0863(é­”éƒ½),http://www.mafengwo.cn/u/10158422.html
æ‘©è¥¿æ‘©å’•(ä¸Šæµ·),http://www.mafengwo.cn/u/17681994.html
ç¦»é€çš„-é£(å¦é—¨),http://www.mafengwo.cn/u/5598834.html
PUPUPU_555(åŒ—äº¬),http://www.mafengwo.cn/u/5009903.html
åä½³å…‰æ£(é‡åº†),http://www.mafengwo.cn/u/19120155.html
COLD-TEA(è´µé˜³),http://www.mafengwo.cn/u/5398298.html
å¤šå•¦Cæ¢¦çš„å£è¢‹(é»„æµ¦åŒº),http://www.mafengwo.cn/u/56313879.html
å˜Ÿå°å¼±(),http://www.mafengwo.cn/u/830821.html
å‘¢å–ƒSAMA(ä¸Šæµ·),http://www.mafengwo.cn/u/17717442.html
èƒŒåŒ…å®¢nic(æˆéƒ½),http://www.mafengwo.cn/u/128240.html
æ¹˜è¥¿åœŸäºº(åŒ—äº¬),http://www.mafengwo.cn/u/17579931.html
ç´«æª€è‘«èŠ¦(åŒ—äº¬),http://www.mafengwo.cn/u/827436.html
æ¬¢ä¹çŒ´(è¥¿åŸåŒº),http://www.mafengwo.cn/u/5497866.html
åœ†åœ†å§‘å¨˜(æ·±åœ³),http://www.mafengwo.cn/u/17374094.html
ä¹”è¿œ(åŒ—äº¬ç”µå½±å­¦é™¢),http://www.mafengwo.cn/u/1017525.html
ä½™ç”Ÿä½™æ–¯(ä¸­å›½),http://www.mafengwo.cn/u/17663742.html
Quincyå¯è¶Š(å¹¿å·),http://www.mafengwo.cn/u/17465905.html
Sea Wolf(é‡åº†),http://www.mafengwo.cn/u/799737.html
å±±æµ·å¯»è¿œ(æ·±åœ³),http://www.mafengwo.cn/u/5526883.html
è“æœ¨(æ±Ÿè‹æ— é”¡),http://www.mafengwo.cn/u/19024678.html
ä¸€åˆ‡æ—å¥½(åŒ—äº¬),http://www.mafengwo.cn/u/19369668.html
everie(æ¸©å“¥å),http://www.mafengwo.cn/u/694277.html
7è·³(æˆéƒ½),http://www.mafengwo.cn/u/17222285.html
Cecela(æ›²é–),http://www.mafengwo.cn/u/65352061.html
JOJOå¸¦ä½ æ¸¸ä¸–ç•Œ(é‡åº†),http://www.mafengwo.cn/u/799727.html
æå°è„‘(),http://www.mafengwo.cn/u/302902.html
hail(è¥¿å®‰),http://www.mafengwo.cn/u/10888224.html
é˜¿å‘¸(æŠšé¡º),http://www.mafengwo.cn/u/19150859.html
é’Ÿå®¶å°çŠ(å¹¿å·),http://www.mafengwo.cn/u/19941403.html
YX1314å»æ—…è¡Œ(å·´é»),http://www.mafengwo.cn/u/17717743.html
ç³–ä¹‹èœœæ—…(æ·±åœ³),http://www.mafengwo.cn/u/620033.html
äºŒåŠ ä¸€(),http://www.mafengwo.cn/u/5012695.html
CHELSEY4703(å¹¿å·),http://www.mafengwo.cn/u/5195551.html
é«˜å°å–œæ˜¯æ¯›æ€ª(å¥¥å…‹å…°),http://www.mafengwo.cn/u/89169566.html
èŠ¸å°ç†Š(ä¹å±±),http://www.mafengwo.cn/u/19227416.html
ç–¯å”ä¸å¤ªå†·(å“ˆå°”æ»¨),http://www.mafengwo.cn/u/19654586.html
ç™¾å·.R Oliver(åŒ—äº¬),http://www.mafengwo.cn/u/19612999.html
èŒå°å…”å’Œç†Šå…ˆæ£®(é¦™æ¸¯),http://www.mafengwo.cn/u/5725226.html
-(æ­¦æ±‰),http://www.mafengwo.cn/u/72476652.html
é¢é¢(é‡åº†),http://www.mafengwo.cn/u/10345585.html
queena(å¹¿å·),http://www.mafengwo.cn/u/75233564.html
EvaVloer(ä¸Šæµ·),http://www.mafengwo.cn/u/79474318.html
é‚“è€€é¸¿KenTang(å¹¿å·),http://www.mafengwo.cn/u/5512862.html
è‹¥è°·(åŒ—äº¬),http://www.mafengwo.cn/u/53271190.html
KUANIMAL(å·´é»),http://www.mafengwo.cn/u/35791879.html
Lily_Lucy(æ¡‚æ—),http://www.mafengwo.cn/u/38500335.html
ç³»ç»Ÿæ¶ˆæ¯(åŒ—äº¬),http://www.mafengwo.cn/u/15021230.html
I Am çŒ«å°å§(åŒ—äº¬),http://www.mafengwo.cn/u/19266597.html
å‡¹å‡¸æ›¼(è¥¿å®‰),http://www.mafengwo.cn/u/17791328.html
ir_is_qr(Chiba),http://www.mafengwo.cn/u/69428094.html
Xin Z.(é–©å—äººåœ¨é¦™æ¸¯),http://www.mafengwo.cn/u/87835026.html
ç§‹ç”°å°ç”º(åŒ—äº¬),http://www.mafengwo.cn/u/17678719.html
Adrian.Z(åŒ—äº¬),http://www.mafengwo.cn/u/74231765.html
ä¸€æœ¬å¤§æ°‘(æ·±åœ³),http://www.mafengwo.cn/u/10606831.html
lynn(åŒ—äº¬),http://www.mafengwo.cn/u/521807.html
å»–é±¼æ‰(),http://www.mafengwo.cn/u/237368.html
CCChen(åŒ—äº¬),http://www.mafengwo.cn/u/10488153.html
Jè°ƒdeåä¸½(ä¸Šæµ·),http://www.mafengwo.cn/u/5125436.html
é˜¿ç«‹ç«‹(è‹å·),http://www.mafengwo.cn/u/5026399.html
Isak_æ‘„å½±å°é›†(ç½—é©¬),http://www.mafengwo.cn/u/33863761.html
è¥¿å°å°è´(åŒ—äº¬),http://www.mafengwo.cn/u/5349897.html
å†·è€³çŒ«(é˜¿å°”å‘æ–¯å±±),http://www.mafengwo.cn/u/422716.html
ç‹å°çŒ«(ä¸Šæµ·),http://www.mafengwo.cn/u/17362180.html
å…«æ——å­å¼Ÿå…µ(åŒ—äº¬),http://www.mafengwo.cn/u/17553002.html
é©¬å…‹å¼ (å¹¿å·),http://www.mafengwo.cn/u/53777489.html
duckuia(åŒ—äº¬),http://www.mafengwo.cn/u/693266.html
è¶…çº§Jessicaé±¼(ä¸Šæµ·),http://www.mafengwo.cn/u/35178751.html
è€åœŸ(ä¸Šæµ·),http://www.mafengwo.cn/u/80562165.html
æ²¡æœ‰äººä¼šæ¥æ•‘ä½ (æµ·å¤–),http://www.mafengwo.cn/u/85196562.html
äº‘ä¸­æ¼«æ­¥(æ¹–å·),http://www.mafengwo.cn/u/213025.html
é»„å¤ªèƒ–å…ˆç”Ÿ(æ·±åœ³),http://www.mafengwo.cn/u/50936495.html
å³æ›‰æœˆåŒå­¸(æµ·æ·€åŒº),http://www.mafengwo.cn/u/79115991.html
ï£¿superhard(åŒ—äº¬),http://www.mafengwo.cn/u/82945103.html
å°åœ†å­åœˆåœˆ(æ­å·),http://www.mafengwo.cn/u/80163810.html
å¤§ä¾ V5(è‹å·),http://www.mafengwo.cn/u/55914231.html
å°èƒ–çŒªsunny(åŒ—äº¬),http://www.mafengwo.cn/u/17552548.html
éª†å°æ´›çš„ä¸–ç•Œ(è¥¿å®‰),http://www.mafengwo.cn/u/85473555.html
åˆ˜ä¸‰æ ¹(æ·±åœ³),http://www.mafengwo.cn/u/62130860.html
ç±³å¥‡è€è¡¨.(å¹¿å·),http://www.mafengwo.cn/u/71620723.html
çˆ±èèçš„å·å·(é‡åº†),http://www.mafengwo.cn/u/61834258.html
jenny_zhen(åŒ—äº¬),http://www.mafengwo.cn/u/10360870.html
Susie(æ¸©å·),http://www.mafengwo.cn/u/85964750.html
é—²ä¸ä½BOå°å§(å¹¿å·),http://www.mafengwo.cn/u/716589.html
æ¸¸å¢¨(å¤§å¸éƒ½),http://www.mafengwo.cn/u/17797541.html
1212coco(æ­¦æ±‰),http://www.mafengwo.cn/u/17288371.html
ç¦ä»”æ‚ å“‰å“‰(è‹å·),http://www.mafengwo.cn/u/71277939.html
é¥­äººå°å®«(æµå—),http://www.mafengwo.cn/u/5596033.html
DESTINY(),http://www.mafengwo.cn/u/87775291.html
ç²‰å¢¨æ˜¯æ¢¦(è¥¿å®‰),http://www.mafengwo.cn/u/953150.html
ç–¯ç‹‚çš„çŸ³å¤´(å´‡å·),http://www.mafengwo.cn/u/33743995.html
è´å‹’çˆ·-å‰ç¥¥(éƒ½æŸæ—),http://www.mafengwo.cn/u/10512494.html
å…”ç‰™ä¸«ä¸«(ä¸Šæµ·),http://www.mafengwo.cn/u/33729037.html
Jacky(ä¸Šæµ·),http://www.mafengwo.cn/u/78696461.html
å…³å°ç¾(æ²ˆé˜³),http://www.mafengwo.cn/u/91495093.html
ç†™èŸ€(å—æ˜Œ),http://www.mafengwo.cn/u/192263.html
è½»ææ·¡å†™çš„ä¼¤(æ•¦ç…Œ),http://www.mafengwo.cn/u/93163231.html
é©¬èœ‚çªç”¨æˆ·(),http://www.mafengwo.cn/u/45445706.html
å”›æ–¯åŸº(å¹¿å·),http://www.mafengwo.cn/u/73101297.html
è±†ç›å¸¦Ué£(),http://www.mafengwo.cn/u/51789225.html
Syvan(æ·±åœ³),http://www.mafengwo.cn/u/51224010.html
æ¸©ç†Šå–µ(åŒ—äº¬),http://www.mafengwo.cn/u/88434272.html
æµäº‘(é™•è¥¿è¥¿å®‰),http://www.mafengwo.cn/u/79949569.html
å®‹å°æ»¡(æ­å·),http://www.mafengwo.cn/u/53681323.html
ï¸¶ã„£â˜‚â€¢å¥‹æ–—ï¼¿ï¸µ(æ‹‰å½­å…°å¡”),http://www.mafengwo.cn/u/93495078.html
å­™æ™“ç¦¹(æ·±åœ³),http://www.mafengwo.cn/u/92891249.html
ç²‰è‰²æ£’æ£’ç³–(é‡åº†),http://www.mafengwo.cn/u/5539465.html
æš´èµ°çš„èƒèŸ¹(å°åŒ—),http://www.mafengwo.cn/u/40121742.html
Monster_Song(å¤©æ´¥),http://www.mafengwo.cn/u/5092341.html
dongdong(ç„¦ä½œ),http://www.mafengwo.cn/u/54552408.html
è—¿é¦™æ­£æ°”(å¤©æ´¥),http://www.mafengwo.cn/u/19119852.html
çŒ«ç†Šå…ˆç”Ÿ(äº‘å—æ˜†æ˜),http://www.mafengwo.cn/u/60675568.html
åªå–å¯ä¹çš„é±¼(æ­å·),http://www.mafengwo.cn/u/19963071.html
å¤©ç‹¼(å±±è¥¿å¤§åŒ),http://www.mafengwo.cn/u/48387014.html
ray ng(),http://www.mafengwo.cn/u/67290564.html
Amelia(å¹¿å·),http://www.mafengwo.cn/u/802668.html
Emilyç¬ä¸è®©ç©(åŒ—äº¬),http://www.mafengwo.cn/u/65059973.html
åä¸€(åŒ—äº¬),http://www.mafengwo.cn/u/32811567.html
Sam.VğŸŒ»(åŒ—äº¬),http://www.mafengwo.cn/u/87320296.html
å“ˆæ‹‰ã®æ‹‰åŠ›(åŒ—äº¬),http://www.mafengwo.cn/u/91512300.html
èµµå–µå§¨louise(è™¹å£),http://www.mafengwo.cn/u/50358507.html
é›¶åº¦(åŒ—äº¬),http://www.mafengwo.cn/u/288935.html
Airmo(å¹¿å·),http://www.mafengwo.cn/u/72729637.html
æ™ƒæ‚ (æŸ³å·),http://www.mafengwo.cn/u/52555118.html
å‡¡å°”èµ›å®«çš„è è(æœé˜³åŒº),http://www.mafengwo.cn/u/38999813.html
å«æˆ‘ä¹å·(å—å®),http://www.mafengwo.cn/u/88384065.html
Ritaé…±(é’å²›),http://www.mafengwo.cn/u/18067498.html
èˆèˆå°å§(åŒ—äº¬),http://www.mafengwo.cn/u/5109761.html
antiå¨œå¨œ(å¹¿è¥¿å—å®),http://www.mafengwo.cn/u/82735555.html
ç™½èœæ˜¯å¸ˆå¤ª(ä¸Šæµ·),http://www.mafengwo.cn/u/35296229.html
ç”µç‚‰çŒ«(åŒ—äº¬),http://www.mafengwo.cn/u/17216083.html
jasmine(),http://www.mafengwo.cn/u/60723686.html
SandyShen(ä¸Šæµ·),http://www.mafengwo.cn/u/5077002.html
ä¸€ä¸ªå°é£å“¥(ä¸Šæµ·),http://www.mafengwo.cn/u/59244035.html
å°é±¼A(å¤§è¿),http://www.mafengwo.cn/u/41470076.html
Ë‡å¶å¤§æ¹¿(çŠ„è§’æ—®æ—¯),http://www.mafengwo.cn/u/5118189.html
æµ·æ‹‰å°”æ¸©æš–çš„å¤§ç™½(å‘¼ä¼¦è´å°”),http://www.mafengwo.cn/u/90398543.html
Jetty(å¹¿å·),http://www.mafengwo.cn/u/62217429.html
MagicRabbit(æ­å·),http://www.mafengwo.cn/u/47013030.html
tiger0409(),http://www.mafengwo.cn/u/92753835.html
make it bu(æ·±åœ³),http://www.mafengwo.cn/u/19621943.html
è€å‘ä¸€å®¶(æˆéƒ½),http://www.mafengwo.cn/u/45926123.html
æ²ƒä¹ˆä¹ˆ(å®æ³¢),http://www.mafengwo.cn/u/67601042.html
null(ä¸Šæµ·),http://www.mafengwo.cn/u/19989065.html
çˆ±å›½å›½(ä¸œåŸ),http://www.mafengwo.cn/u/51110023.html
çˆ¸çˆ¸å“ªå„¿ä¹Ÿä¸å»(),http://www.mafengwo.cn/u/50366786.html
å½¢è‰²å°è‘±(æˆéƒ½),http://www.mafengwo.cn/u/88371807.html
äººç”Ÿå¦‚æ¢¦(æ°¸å·),http://www.mafengwo.cn/u/45144940.html
é‡‘ç¬¨ç¬¨åŒå­¦(),http://www.mafengwo.cn/u/93699440.html
è¥¿å…°èŠ±èŠ±èŠ±(å—äº¬),http://www.mafengwo.cn/u/5339267.html
è§’è½å®‡å®™(æ—¥æœ¬),http://www.mafengwo.cn/u/36038182.html
alliswell(åŒ—äº¬),http://www.mafengwo.cn/u/49979931.html
ç´«è‰²(åŒ—äº¬),http://www.mafengwo.cn/u/852263.html
å…«è’é€æ¢¦(é‡‘å),http://www.mafengwo.cn/u/46072884.html
æ½˜å¤ªå¤ªv(åŒ—äº¬),http://www.mafengwo.cn/u/834034.html
çœ‹æˆ‘è™¾èƒ¡é—¹(æ·±åœ³),http://www.mafengwo.cn/u/52726030.html
é¹é£(é…’æ³‰),http://www.mafengwo.cn/u/81975621.html
ç³–è®°å½•(åŒ—äº¬),http://www.mafengwo.cn/u/38878158.html
æå°æ‚¦èµ°èµ°ä¸åœ(æˆéƒ½),http://www.mafengwo.cn/u/68691572.html
æ¼ é‡(å¦é—¨),http://www.mafengwo.cn/u/41605508.html
Tobi Lou(ä¸Šæµ·),http://www.mafengwo.cn/u/19848214.html
ç‹å¤§å¤§ä»™(åŒ—äº¬),http://www.mafengwo.cn/u/19159790.html
äº‘æ·¡é£è½»(æˆéƒ½),http://www.mafengwo.cn/u/61944420.html
å€™äººå…®æ¼ª(æ²ˆé˜³),http://www.mafengwo.cn/u/36211183.html
ä¹Œäº‘èƒŒåçš„å¹¸ç¦çº¿(è¿ªæ‹œ&åŒ—äº¬),http://www.mafengwo.cn/u/79128816.html
äºšå†å±±å¤§æµæµªç‹—(),http://www.mafengwo.cn/u/58085128.html
Sephy(æ­å·),http://www.mafengwo.cn/u/43801595.html
ä¸¤ä¸¤(ä¸Šæµ·),http://www.mafengwo.cn/u/45907046.html
æ¬£åŒå­¦(è¥¿å®‰),http://www.mafengwo.cn/u/46655984.html
åŒ—å°åŒ—(é¦™æ¸¯),http://www.mafengwo.cn/u/90436872.html
è¥¿è¥¿é‡Œå¤§ç™½çŒ«(é¦™æ¸¯),http://www.mafengwo.cn/u/74592397.html
ç™¾å°-ä¹¦ä¸é…’(æ·±åœ³),http://www.mafengwo.cn/u/33381249.html
Mila ğŸ‘€(),http://www.mafengwo.cn/u/67137655.html
é¦™æ ¼å¤–æ‹‰(ä¸Šæµ·),http://www.mafengwo.cn/u/77217928.html
je d'aimi(æ¨æµ¦),http://www.mafengwo.cn/u/86423548.html
å¤§å·å°é±¼(æ»¡æ´²é‡Œ),http://www.mafengwo.cn/u/40114911.html
æ¬¢å„¿æ¬¢ï¼Queenio(),http://www.mafengwo.cn/u/72465054.html
å›½é™…æœºç¥¨--åˆ˜æ›¼(),http://www.mafengwo.cn/u/48525991.html
æƒ³ç¯æ¸¸ä¸–ç•Œçš„å·å„¿(å¹¿å·),http://www.mafengwo.cn/u/47001517.html
åŠ²é£(å—æ˜Œ),http://www.mafengwo.cn/u/77089719.html
é™ˆå°è¶Šæœˆ(ç¾å›½),http://www.mafengwo.cn/u/30183488.html
èµ°å§ï¼Œmelissa(),http://www.mafengwo.cn/u/61137632.html
è²å¾—ä½(),http://www.mafengwo.cn/u/756740.html
ç‹ç‹77å¤§å£ä¸(çº½çº¦),http://www.mafengwo.cn/u/42694746.html
å°C(TIANJIN),http://www.mafengwo.cn/u/19338150.html
ä¸ƒå…«å»æ—…è¡Œ(å—äº¬),http://www.mafengwo.cn/u/89185997.html
å°¼ç›å›ä»”å‘€(å¹¿å·),http://www.mafengwo.cn/u/83175859.html
melody(æ­å·),http://www.mafengwo.cn/u/77498682.html
why xu(æ·±åœ³),http://www.mafengwo.cn/u/94969927.html
ğŸŒ¸å¼ å°é™ğŸŒ¸(æƒ å·),http://www.mafengwo.cn/u/35452683.html
æ›¾å©·åœ’ï¼ˆå¹¿å·ï¼‰(å¹¿å·),http://www.mafengwo.cn/u/57252894.html
æ¼«å·è¥¿é£(),http://www.mafengwo.cn/u/42350905.html
î€¢ï¸æˆ‘æ˜¯tfboysî€¢ï¸(),http://www.mafengwo.cn/u/93497776.html
/è·³è·³æ ¤å™­å¤Œ(åŒ—äº¬),http://www.mafengwo.cn/u/74947963.html
ä¹¦èˆª(æˆéƒ½),http://www.mafengwo.cn/u/59676792.html
å°ç‹®å­ AKa(å¤©æ´¥),http://www.mafengwo.cn/u/30135689.html
é’±è‹±(å®å±±),http://www.mafengwo.cn/u/67681286.html
å´å®‰å®‰(å—æ˜Œ),http://www.mafengwo.cn/u/75713746.html
é˜¿æ‹‰è•¾(),http://www.mafengwo.cn/u/37454780.html
rabbitroger(ä¸Šæµ·),http://www.mafengwo.cn/u/90136889.html
miranda(),http://www.mafengwo.cn/u/50912243.html
ä½œå¦–å°å§(å¢¨å°”æœ¬),http://www.mafengwo.cn/u/93237810.html
Miss.Joy(å¹¿å·),http://www.mafengwo.cn/u/19129310.html
Jessicaçš®(ä¸Šæµ·),http://www.mafengwo.cn/u/17457324.html
ä¹ä¹(åŒ—äº¬),http://www.mafengwo.cn/u/49531837.html
Yokié…±(ä¸Šæµ·),http://www.mafengwo.cn/u/33249598.html
æœªæš—1107(é’å²›),http://www.mafengwo.cn/u/70886531.html
é¦†é•¿ç‹è²å‘€(åŒ—äº¬),http://www.mafengwo.cn/u/69932798.html
æ¬§ç¾è‡ªç”±è¡Œ(æ²ˆé˜³),http://www.mafengwo.cn/u/49235166.html
æ™“é˜³Chosen(é’å²›),http://www.mafengwo.cn/u/1022641.html
é©¬æ¡¶å®¶çš„äºŒç š(åŒ—äº¬),http://www.mafengwo.cn/u/92756801.html
å¤§ç‹å»å“ªåƒ(),http://www.mafengwo.cn/u/5200516.html
å¯ä¹ä¹Superchloe(æ¸©å·),http://www.mafengwo.cn/u/19016149.html
æ¾é¼ é˜¿å§¨ğŸ¿(å—äº¬),http://www.mafengwo.cn/u/47762849.html
å®‡é™†å›(ä¸Šæµ·),http://www.mafengwo.cn/u/63258454.html
ä¹æœˆ(æ·±åœ³),http://www.mafengwo.cn/u/83535122.html
ã‚›â—‡ï¹è—¦å…²ä¼¦(æ¸©å·),http://www.mafengwo.cn/u/93239506.html
è³è‚å¤§æµ·é£(åŒ—äº¬),http://www.mafengwo.cn/u/54305710.html
å±±æ²³é˜³å…‰(éƒ‘å·),http://www.mafengwo.cn/u/54288414.html
å­£é“­ä¹™(æ²³ä¸œåŒº),http://www.mafengwo.cn/u/42901055.html
æ³¡èŠ™(æˆéƒ½),http://www.mafengwo.cn/u/89858283.html
Sara(å¹¿å·),http://www.mafengwo.cn/u/68272476.html
æ–¹æ–¹åœŸä¹Œæ‰˜é‚¦(é¦™æ¸¯),http://www.mafengwo.cn/u/41475182.html
æµªè¿¹å¤©æ¶¯(),http://www.mafengwo.cn/u/60702648.html
å‘ç°(),http://www.mafengwo.cn/u/46259554.html
äºŒå’Œ(å¥¥å†œå¤šåŠ å¿),http://www.mafengwo.cn/u/34658107.html
äºŒæœ¨(å¤ªåŸ),http://www.mafengwo.cn/u/31536523.html
æ¾æœ¨å·´å£«(å¤§ç†),http://www.mafengwo.cn/u/83899268.html
å°è¿·ç³Š(å¼€å°),http://www.mafengwo.cn/u/46153968.html
Luke(ç»å…´),http://www.mafengwo.cn/u/68058324.html
ä¸€ä¸ªäººçš„æ—…è¡Œ(å‘¼å’Œæµ©ç‰¹),http://www.mafengwo.cn/u/87707523.html
å…­å°é›ªCherylL(çº½çº¦),http://www.mafengwo.cn/u/93916495.html
å†¯å…‹é›·å¾·å®‡æ–¯(é•¿å®åŒº),http://www.mafengwo.cn/u/43380505.html
è‹‘èµµé¢–(æ­å·),http://www.mafengwo.cn/u/82981583.html
æ‚¦é‡(),http://www.mafengwo.cn/u/53131003.html
ï¼Ÿ(),http://www.mafengwo.cn/u/95064601.html
Caroline(æ·±åœ³),http://www.mafengwo.cn/u/5298720.html
èš‚èœ‚çªç”¨æˆ·(),http://www.mafengwo.cn/u/40722027.html
æ”¾è‚†ã€‚æµæµª(è¥¿å®‰),http://www.mafengwo.cn/u/1043644.html
Marukoçˆ±æ¡ƒå­é…±(è‹é»ä¸–),http://www.mafengwo.cn/u/94766234.html
æ…¢çƒ­ä¸¶å…ˆç”Ÿ Â°(æ¡‚æ—),http://www.mafengwo.cn/u/93422004.html
å­¦é•¿(æ¹›æ±Ÿ),http://www.mafengwo.cn/u/49837684.html
Jenny(æ­å·),http://www.mafengwo.cn/u/59121162.html
è’æ¢(ä¸Šæµ·),http://www.mafengwo.cn/u/17355702.html
ç„¡æ²(ç æµ·),http://www.mafengwo.cn/u/80655513.html
æ›¾æ´²(æ·±åœ³),http://www.mafengwo.cn/u/90457077.html
ä¸‰æ¸…å±±(ä¸‰æ¸…å±±),http://www.mafengwo.cn/u/77099432.html
å¥šæ–‡å¹¿(é˜¿å…‹è‹),http://www.mafengwo.cn/u/31164910.html
åœŸå¸è èåŒ…åŒ…åŒ…(é¦™æ¸¯),http://www.mafengwo.cn/u/17347081.html
é©¬èœ‚çªç”¨æˆ·(),http://www.mafengwo.cn/u/94376867.html
é¥­å›¢*karenchow(å¹¿å·),http://www.mafengwo.cn/u/5017124.html
å¤©å±±æ²³é©¬(ä¹Œé²æœ¨é½),http://www.mafengwo.cn/u/73934204.html
Hiæˆ‘æ˜¯Ninaå¦ˆå’ª(æ­å·),http://www.mafengwo.cn/u/57099419.html
Sophie(é™å®‰),http://www.mafengwo.cn/u/39831091.html
å‚»èŠ¬èŠ¬(),http://www.mafengwo.cn/u/34872061.html
ç”Ÿæ´»åœ¨å¥¹å¤„(æ­¦æ±‰),http://www.mafengwo.cn/u/59108248.html
å°äº‘(æƒ å·),http://www.mafengwo.cn/u/72876875.html
æˆ‘æ˜¯ä¸ªç–¯å­(å¹¿å·),http://www.mafengwo.cn/u/88430957.html
é™ç‹¼(æœé˜³åŒº),http://www.mafengwo.cn/u/5040275.html
èš‚èœ‚çªç”¨æˆ·(),http://www.mafengwo.cn/u/95247569.html
ç´é…’ä¸¶(è¥¿å®‰),http://www.mafengwo.cn/u/45374452.html
éš¾å¾—æƒ³(é•¿æ²™),http://www.mafengwo.cn/u/94750344.html
FR(),http://www.mafengwo.cn/u/54600933.html
é©¬èœ‚çªç”¨æˆ·(),http://www.mafengwo.cn/u/58467725.html
æ£å­å‘³çš„ç‹®å­(ä¸Šæµ·),http://www.mafengwo.cn/u/61707298.html
è¢å¼€æ–‡æ±½è½¦ç§Ÿèµ(),http://www.mafengwo.cn/u/55982385.html
æµªå­(ç‰¡ä¸¹æ±Ÿ),http://www.mafengwo.cn/u/34863436.html
JoanneZ(å¢¨å°”æœ¬),http://www.mafengwo.cn/u/86258710.html
æ™—å”å”(è¥¿å®‰),http://www.mafengwo.cn/u/37587891.html
fannyç¬ğŸ‘¼ î€° î€°(è¥¿å®‰),http://www.mafengwo.cn/u/53074757.html
é©¬èœ‚çªç”¨æˆ·(å¤§è¿),http://www.mafengwo.cn/u/52605535.html
å¼ ç¾½ä½³(æ·±åœ³),http://www.mafengwo.cn/u/76531336.html
å¤©æ‰å¾·æ›¼(éå±±),http://www.mafengwo.cn/u/17819439.html
å°ç¾Šé©¼çš„ç²‘ç²‘(æµå—),http://www.mafengwo.cn/u/42113676.html
Naelinå¨œ(èä¹¡),http://www.mafengwo.cn/u/63772171.html
é©¬èœ‚çªç”¨æˆ·(),http://www.mafengwo.cn/u/45424257.html
ä¸€å¶çŸ¥ç§‹(å¹¿å·),http://www.mafengwo.cn/u/86003218.html
ç»´å°¼(åŒ—äº¬),http://www.mafengwo.cn/u/961558.html
äººâ‡”çš‡(å¦é—¨),http://www.mafengwo.cn/u/74881896.html
é©¬èœ‚çªç”¨æˆ·(),http://www.mafengwo.cn/u/80958115.html
æ‡’æ‡’0608(),http://www.mafengwo.cn/u/79076233.html
æµäº‘å½±é£(åŒ—äº¬),http://www.mafengwo.cn/u/36448960.html
å¿ƒåœ¨è¿œæ–¹(æˆéƒ½),http://www.mafengwo.cn/u/42966777.html
Jerry_liu(æ­å·),http://www.mafengwo.cn/u/47560865.html
é©¬èœ‚çªç”¨æˆ·(),http://www.mafengwo.cn/u/50695359.html
å…”å…”(æˆéƒ½),http://www.mafengwo.cn/u/45294631.html
å½Œç”Ÿ(),http://www.mafengwo.cn/u/39230854.html
çˆ±åšæ¢¦çš„è—œå°é¡(åŒ—äº¬),http://www.mafengwo.cn/u/73643923.html
æš–(),http://www.mafengwo.cn/u/54323188.html
77æ—…é£Ÿé…±(æˆéƒ½),http://www.mafengwo.cn/u/32338021.html
é‘«è‡³è¿œè¡Œ(å—å®),http://www.mafengwo.cn/u/5141923.html
éšé£é£˜è½(ä¸Šæµ·),http://www.mafengwo.cn/u/10345052.html
ä¸œæ–¹é›¨è²(æˆéƒ½),http://www.mafengwo.cn/u/49220065.html
é©¬èœ‚çªç”¨æˆ·(æ­¦æ±‰),http://www.mafengwo.cn/u/86449079.html
éª‘ç€èš‚èšæ•£æ­¥(å—å¹³),http://www.mafengwo.cn/u/49768786.html
å¸¦ä½ å»æµæµª(ç§¦çš‡å²›),http://www.mafengwo.cn/u/88677084.html
æ¶›å£°ä¾æ—§(å¤©æ´¥),http://www.mafengwo.cn/u/5259748.html
é©¬èœ‚çªç”¨æˆ·(),http://www.mafengwo.cn/u/51422885.html
leekw050(é‡åº†),http://www.mafengwo.cn/u/306008.html
åŠ²åˆšå°é£é¾™(æ´›é˜³),http://www.mafengwo.cn/u/35999007.html
Shell(æˆéƒ½),http://www.mafengwo.cn/u/39008524.html
å…°å¤©ç™½äº‘(é“¶å·),http://www.mafengwo.cn/u/87977869.html
ä¹ä¹ä¹(åŒ—äº¬),http://www.mafengwo.cn/u/59846883.html
è¯šä¿¡(ç¦å·),http://www.mafengwo.cn/u/88070970.html
äº‘ä¸Šå¤ªé˜³(æ­å·),http://www.mafengwo.cn/u/248511.html
æ½‡æ¹˜å¤©é©¬(å¤©æ´¥),http://www.mafengwo.cn/u/66345870.html
å¶ç„¶(ä¸¹ä¸œ),http://www.mafengwo.cn/u/20019416.html
å±±æµ·äº‘shania(è¥¿å®‰),http://www.mafengwo.cn/u/31617880.html
ğŸˆç‹¬è¡Œçš„çŒ«ğŸˆ(æˆéƒ½),http://www.mafengwo.cn/u/75005858.html
ä¸€èµ·å»æ—…è¡Œ(ä¸Šæµ·),http://www.mafengwo.cn/u/53940972.html
æ·±ç§‹çš„èƒ¡æ¨(åŒ—äº¬),http://www.mafengwo.cn/u/210220.html
æ°åŸº(ä¸Šæµ·),http://www.mafengwo.cn/u/58840897.html
ç”œç”œé¡ºé¡ºçš„éº»éº»(åŒ—äº¬),http://www.mafengwo.cn/u/50142551.html
æˆ‘è¿˜æ²¡æœ‰æ˜µç§°å‘¢(å—äº¬),http://www.mafengwo.cn/u/79719111.html
Yi(ä¸Šæµ·),http://www.mafengwo.cn/u/66268267.html
Natalie(æ­¦æ±‰),http://www.mafengwo.cn/u/78791435.html
æ˜“å‘¨é£äº‘(å¹¿å·),http://www.mafengwo.cn/u/45376623.html
è¡Œèµ°çš„ä½³å°å§(æ²ˆé˜³),http://www.mafengwo.cn/u/86697434.html
00(ä¸Šæµ·),http://www.mafengwo.cn/u/44991193.html
çˆ±æ—…è¡Œçš„èˆ’å…‹(åŒ—äº¬),http://www.mafengwo.cn/u/48515027.html
è‡ªå¼ºä¸æ¯(æˆéƒ½),http://www.mafengwo.cn/u/46901394.html
æ­»çŒªä¸æ€•å¼€æ°´çƒ«(è¾¾å·),http://www.mafengwo.cn/u/40673279.html
æå°ä»™å„¿(æ©æ–½),http://www.mafengwo.cn/u/85769905.html
å°é¹¿ã®æ£®æ—(è¥¿å®‰),http://www.mafengwo.cn/u/93472609.html
edwards(æ¡‚æ—),http://www.mafengwo.cn/u/36059300.html
å¤©ç©º(å†…è’™å¤),http://www.mafengwo.cn/u/31223423.html
è¡Œè€…(è‹å·),http://www.mafengwo.cn/u/52184560.html
msæœºå™¨çŒ«(å¦é—¨),http://www.mafengwo.cn/u/17264139.html
å“¦å·¨äºº(è¥¿åŸ),http://www.mafengwo.cn/u/76139525.html
ä½Ÿå“ç¾²(é•¿æ˜¥),http://www.mafengwo.cn/u/70572244.html
å¾çº¢(å¹¿å…ƒ),http://www.mafengwo.cn/u/85874304.html
å¤œå‰(),http://www.mafengwo.cn/u/76055724.html
enkii(),http://www.mafengwo.cn/u/83284248.html
ğŸ˜‹(),http://www.mafengwo.cn/u/78622422.html
å°æ¶é­”(æ·±åœ³),http://www.mafengwo.cn/u/39995906.html
è§‚éŸ³å±±(),http://www.mafengwo.cn/u/64273988.html
é’æ˜¥å·²ä¸å†(å¸¸å·),http://www.mafengwo.cn/u/55133417.html
ãå©·(æ¸©å·),http://www.mafengwo.cn/u/35195781.html
ä¹ä¹æœ€çˆ±(å¤©æ´¥),http://www.mafengwo.cn/u/77615475.html
é’æµ·ã€ç”˜è‚ƒæ—…æ¸¸(ç”˜è‚ƒ),http://www.mafengwo.cn/u/94591734.html
WenSQ(æµå®),http://www.mafengwo.cn/u/74609547.html
Nana(ä¸‡å·),http://www.mafengwo.cn/u/93610985.html
è¡Œèµ°çš„ä¸æ»¡(åŒ—äº¬),http://www.mafengwo.cn/u/37145278.html
hf(åŒ—äº¬),http://www.mafengwo.cn/u/36135115.html
é©¬èœ‚çªç”¨æˆ·(),http://www.mafengwo.cn/u/89422271.html
JamieZ(),http://www.mafengwo.cn/u/41064081.html
é©¬èœ‚çªç”¨æˆ·(),http://www.mafengwo.cn/u/73947800.html
Puma(æœé˜³),http://www.mafengwo.cn/u/35490813.html
Davy(å¤§å…´å®‰å²­),http://www.mafengwo.cn/u/69442272.html
ç™¾å®¶æ‘(),http://www.mafengwo.cn/u/60812107.html
æƒ³å»ç©çš„ç¾Š(),http://www.mafengwo.cn/u/73202722.html
å¤§å…ˆç”Ÿ(),http://www.mafengwo.cn/u/78617731.html
å‰æ‹‰æœµ æ–‡ç¥(åŒ—äº¬),http://www.mafengwo.cn/u/39990341.html
ä¹‹è¾‰äººç”Ÿ(æ•¦ç…Œ),http://www.mafengwo.cn/u/54554835.html
çˆ±å–çº¢èŒ¶çš„å¨å»‰(å—å®),http://www.mafengwo.cn/u/37707176.html
ä¸«å¤´å®è´(è¿åŸ),http://www.mafengwo.cn/u/77558463.html
é¾™çœ¼(å¥”æˆˆé©¬),http://www.mafengwo.cn/u/32225010.html
å¡æ–‡(ä¸Šæµ·),http://www.mafengwo.cn/u/70992683.html
èš‚èœ‚çªç”¨æˆ·51998185(),http://www.mafengwo.cn/u/51998185.html
é›ªè¹(å¤§åº†),http://www.mafengwo.cn/u/80971192.html
é±¼(èŒ‚å),http://www.mafengwo.cn/u/39759628.html
å¥½å¥½å…ˆç”Ÿ(å¤§è¿),http://www.mafengwo.cn/u/69593536.html
æ·±è“ç¢æµ…ç»¿(ç¦å·),http://www.mafengwo.cn/u/86234669.html
å°¼é‡‡(éƒ‘å·),http://www.mafengwo.cn/u/58716523.html
èš‚èœ‚çªç”¨æˆ·37196488(),http://www.mafengwo.cn/u/37196488.html
é©¬èœ‚çªç”¨æˆ·(),http://www.mafengwo.cn/u/58659858.html
è€é¡½ç«¥(é•¿ç™½å±±),http://www.mafengwo.cn/u/39178821.html
æ™¨æ±(æ­å·),http://www.mafengwo.cn/u/81557344.html
C6Cl6(),http://www.mafengwo.cn/u/35938329.html
Jenia(åŒ—äº¬),http://www.mafengwo.cn/u/17309248.html
sweet709(å—äº¬),http://www.mafengwo.cn/u/74555992.html
æ™“æ™“(),http://www.mafengwo.cn/u/94601469.html
å¼µé¾å¨å»‰(åŒ—äº¬),http://www.mafengwo.cn/u/94340356.html
Kopåšå„¿(åŒ—äº¬),http://www.mafengwo.cn/u/36325949.html
é©¬èœ‚çªç”¨æˆ·(),http://www.mafengwo.cn/u/37337348.html
ã€å°çŒªä¸å¥½æƒ¹ã€(çƒŸå°),http://www.mafengwo.cn/u/36257480.html
ludwig(æ­å·),http://www.mafengwo.cn/u/58716522.html
é©¬èœ‚çªç”¨æˆ·(),http://www.mafengwo.cn/u/77999058.html
çˆ±æ—…è¡Œçš„è›‹å ¡(å—å®),http://www.mafengwo.cn/u/37163050.html
å°è™(ä¸½æ°´),http://www.mafengwo.cn/u/73620211.html
è¡Œè€…Jack(ä¹Œé²æœ¨é½),http://www.mafengwo.cn/u/63636657.html
çˆ±è¿åŠ¨çš„å°èƒ–å­(å—æ˜Œ),http://www.mafengwo.cn/u/59972165.html
sophie(ä¸Šæµ·),http://www.mafengwo.cn/u/86657682.html
é©¬èœ‚çªç”¨æˆ·(),http://www.mafengwo.cn/u/83285721.html
é˜¿ç‚¹(),http://www.mafengwo.cn/u/35243507.html
è®©ä¸–ç•Œå…è´¹(æ‰¿å¾·),http://www.mafengwo.cn/u/93786792.html
å’©å’©(æ¹˜æ½­),http://www.mafengwo.cn/u/69948408.html
Crableee(å¹¿å·),http://www.mafengwo.cn/u/67059852.html
gxj1211(ç¦å·),http://www.mafengwo.cn/u/93409921.html
è¾›å¾·ç‘æ‹‰(è‹å·),http://www.mafengwo.cn/u/89773789.html
28å²å‰çš„åœ†æ¢¦(æ¨æµ¦),http://www.mafengwo.cn/u/47774017.html
èŠ±èŠ±å›(ä¿å®š),http://www.mafengwo.cn/u/73115110.html
é©¬èœ‚çªç”¨æˆ·(),http://www.mafengwo.cn/u/72250352.html
è‹¥æ„š@é¥¥äººè°·(æ­å·),http://www.mafengwo.cn/u/35519657.html
YY(æ­å·),http://www.mafengwo.cn/u/41553149.html
ç¥æ¸¸å››æ–¹(),http://www.mafengwo.cn/u/60940245.html
Y i(åŒ—äº¬),http://www.mafengwo.cn/u/35614694.html
è‡»è‡»ã®ä¸–ç•Œ(èšŒåŸ ),http://www.mafengwo.cn/u/65462844.html
é©¬èœ‚çªç”¨æˆ·(),http://www.mafengwo.cn/u/43975745.html
hanzhiwei168(æ—¥å–€åˆ™),http://www.mafengwo.cn/u/536610.html
VIVI(),http://www.mafengwo.cn/u/47387456.html
è‹¹æœæ´¾(æ·±åœ³),http://www.mafengwo.cn/u/51726603.html
å’¸è›‹å‡¹å‡¸man-(),http://www.mafengwo.cn/u/93575387.html
tsp(),http://www.mafengwo.cn/u/72477068.html
æµ·çº³ç™¾å·(æ·±åœ³),http://www.mafengwo.cn/u/77360041.html
è¡Œèµ°(ä¸Šæµ·),http://www.mafengwo.cn/u/90046764.html
å¿ƒé™å¦‚é•œ(),http://www.mafengwo.cn/u/83873745.html
é©¬èœ‚çªç”¨æˆ·(),http://www.mafengwo.cn/u/48256724.html
æè€å¸ˆ(æˆéƒ½),http://www.mafengwo.cn/u/33754943.html
é©¬èœ‚çªç”¨æˆ·(),http://www.mafengwo.cn/u/43711254.html
ï¼Ÿï¼Ÿï¼Ÿ(è¥¿å®‰),http://www.mafengwo.cn/u/51221243.html
æˆ‘å«æ›¹é˜¿ä¼¦(å®‰é˜³),http://www.mafengwo.cn/u/86231347.html
èš‚èœ‚çªç”¨æˆ·(),http://www.mafengwo.cn/u/47781107.html
æ˜“æ‹ToGooDay(å¹¿å·),http://www.mafengwo.cn/u/73558666.html
é©¬èœ‚çªç”¨æˆ·(),http://www.mafengwo.cn/u/54822089.html
A(è‹å·),http://www.mafengwo.cn/u/58344471.html
